{
  "profile": "conservative",
  "years": 14,
  "annualized_return": 0.05822056818221455,
  "max_drawdown": -0.21524440843802117,
  "win_rate": 0.6428571428571429
}