{
  "profile": "conservative",
  "years": 14,
  "annualized_return": 0.17843207668550076,
  "max_drawdown": -0.16359694689544824,
  "win_rate": 0.7142857142857143
}