{
  "profile": "conservative",
  "years": 14,
  "annualized_return": 0.08116440689715576,
  "max_drawdown": -0.12174945022789552,
  "win_rate": 0.6428571428571429
}